Data,Otwarcie,Najwyzszy,Najnizszy,Zamkniecie
2021-03-17,217412,226306,210131,223852
2021-03-16,216112,219355,205257,217521
2021-03-15,230900,232811,211113,215974
2021-03-12,221666,222376,211909,217498
2021-03-11,218510,221934,207765,221545
2021-03-10,210435,220158,204313,218460
2021-03-09,200261,211303,200255,210340
2021-03-08,194502,201599,190275,200247
2021-03-05,183833,190377,177022,189603
2021-03-04,190542,195118,181164,183844
2021-03-03,179764,197601,179399,190605
2021-03-02,185038,188927,176874,179669
2021-03-01,169509,186203,168187,184917
2021-02-26,178511,181166,164772,173221
2021-02-25,181087,192091,176276,178612
2021-02-24,180711,190710,174463,180738
2021-02-23,200027,200793,167059,180675
2021-02-22,212156,213168,179226,200108
2021-02-19,192592,206138,188696,204780
2021-02-18,194463,195926,189375,192509
2021-02-17,182456,196245,182225,194389
2021-02-16,178425,186518,173916,182511
2021-02-15,182238,182246,170485,178395
2021-02-12,177033,181541,172128,176979
2021-02-11,167629,180540,163467,176911
2021-02-10,173107,175021,161973,167541
2021-02-09,165963,178616,165961,172906
2021-02-08,144597,167140,141910,166121
2021-02-05,140287,143652,137792,140639
2021-02-04,139077,145068,136153,140298
2021-02-03,132565,139886,131869,139055
2021-02-02,125483,134228,125093,132650
2021-02-01,123001,129609,120602,125488
2021-01-29,125652,143794,120140,128735
2021-01-28,114936,125689,112610,125684
2021-01-27,122304,123044,110357,114999
2021-01-26,121458,122653,115469,122018
2021-01-25,120044,130273,119444,121456
2021-01-22,114920,126320,107407,125233
2021-01-21,131078,133533,112220,114833
2021-01-20,137151,137259,125647,131181
2021-01-19,136929,141288,135038,137183
2021-01-18,136091,140912,130892,137045
2021-01-15,145271,148320,129325,133715
2021-01-14,138802,150166,137544,145520
2021-01-13,124653,141188,120143,139021
2021-01-12,128356,135972,121056,124797
2021-01-11,141983,142966,112754,128357
2021-01-08,146122,154755,135246,144009
2021-01-07,132417,148382,132357,145984
2021-01-06,126567,133925,123290,132482
2021-01-05,116734,127251,111222,126485
2021-01-04,123523,125290,105391,116747
2020-12-31,106999,109251,103986,108938
2020-12-30,100023,107951,99820,107060
2020-12-29,98702,100647,95003,100155
2020-12-28,97749,100859,96316,98711
2020-12-24,85987,86691,83743,86268
2020-12-23,87871,89008,83730,86034
2020-12-22,85166,87941,82626,87932
2020-12-21,85973,88910,81638,85140
2020-12-18,83140,84268,81404,83185
2020-12-17,77857,85759,77314,83322
2020-12-16,71150,78011,70538,77783
2020-12-15,70507,71447,69584,71142
2020-12-14,69983,70926,69503,70510
2020-12-11,66854,67027,64469,66009
2020-12-10,68107,68357,65365,66865
2020-12-09,67877,68279,64669,68112
2020-12-08,70667,71215,68157,68159
2020-12-07,70566,71551,69724,70664
2020-12-04,71696,71955,68833,69923
2020-12-03,70731,72079,69766,71697
2020-12-02,69850,71495,67595,70683
2020-12-01,73172,74534,68318,69804
2020-11-30,68110,74067,68095,73142
2020-11-27,64645,65669,61834,64053
2020-11-26,70354,70785,61107,64614
2020-11-25,71804,73157,69917,70275
2020-11-24,69546,73083,68375,71789
2020-11-23,70170,70358,67849,69570
2020-11-20,67321,70791,66740,70203
2020-11-19,67216,68719,65805,67350
2020-11-18,66605,69814,65184,67228
2020-11-17,63051,67570,62598,66580
2020-11-16,60371,63729,60194,63080
2020-11-13,61720,62733,60614,61403
2020-11-12,60180,62115,58937,61694
2020-11-11,58568,60848,58198,60191
2020-11-10,57837,58923,57412,58579
2020-11-09,58812,59471,56326,57812
2020-11-06,59574,61222,57731,58721
2020-11-05,54675,59569,54502,59548
2020-11-04,53581,55235,52974,54689
2020-11-03,53683,53874,52467,53594
2020-11-02,54217,54806,52257,53678
2020-10-30,53154,54086,52109,53931
2020-10-29,52302,54113,51363,53188
2020-10-28,53481,53957,50845,52305
2020-10-27,50631,53528,50549,53475
2020-10-26,50240,51326,49649,50630
2020-10-23,50890,51041,49182,49797
2020-10-22,49884,51058,49125,50886
2020-10-21,46036,50012,45901,49902
2020-10-20,45699,46422,45447,46025
2020-10-19,44472,45883,44300,45700
2020-10-16,44686,44959,43708,43949
2020-10-15,43723,45116,43679,44691
2020-10-14,43822,44240,43446,43718
2020-10-13,44113,44158,43259,43812
2020-10-12,42821,44226,42589,44101
2020-10-09,41552,42033,41259,41738
2020-10-08,40628,41843,40253,41560
2020-10-07,40434,40675,40354,40629
2020-10-06,40988,41172,40271,40445
2020-10-05,40923,41170,40741,40993
2020-10-02,40405,40803,39825,40457
2020-10-01,41371,42027,39919,40456
2020-09-30,41560,41882,41240,41372
2020-09-29,42805,42818,41103,41550
2020-09-28,41963,42967,41960,42798
2020-09-25,41548,42100,41283,41996
2020-09-24,39691,41807,39501,41546
2020-09-23,40425,40630,39388,39701
2020-09-22,40127,40524,39676,40419
2020-09-21,40948,41294,39668,40130
2020-09-18,41229,41467,40722,40917
2020-09-17,41499,41777,40643,41227
2020-09-16,40827,41751,40190,41509
2020-09-15,40160,40920,39822,40823
2020-09-14,38718,40269,38543,40151
2020-09-11,39007,39056,38423,38872
2020-09-10,38537,39222,38332,38996
2020-09-09,37930,38928,37345,38539
2020-09-08,38139,39184,37497,37948
2020-09-07,38918,39025,37260,38141
2020-09-04,40178,40271,37643,39814
2020-09-03,42395,42865,39452,40184
2020-09-02,44306,44379,41884,42394
2020-09-01,42862,44371,42517,44307
2020-08-31,42762,43384,42727,42869
2020-08-28,42123,42560,42058,42457
2020-08-27,42802,43054,41572,42102
2020-08-26,42039,43113,41889,42807
2020-08-25,43827,43924,41442,42043
2020-08-24,43633,44024,43402,43837
2020-08-21,43742,44044,43460,43668
2020-08-20,43567,43954,43389,43735
2020-08-19,44324,44351,42611,43551
2020-08-18,45676,45967,43562,44328
2020-08-17,44090,46250,43672,45674
2020-08-14,43552,44110,43382,43876
2020-08-13,42995,43688,41956,43551
2020-08-12,42425,43343,42082,43022
2020-08-11,44368,44751,41828,42447
2020-08-10,43565,45170,43560,44375
2020-08-07,43664,44439,42524,43088
2020-08-06,43686,44328,42860,43647
2020-08-05,41902,43718,41352,43676
2020-08-04,42095,42846,41401,41922
2020-08-03,41782,43120,41135,42239
2020-07-31,41313,42860,40755,42422
2020-07-30,42228,42281,40685,41304
2020-07-29,41496,42425,40937,42186
2020-07-28,41601,42576,39826,41503
2020-07-27,37431,41622,37427,41620
2020-07-24,36580,36581,36005,36300
2020-07-23,35840,36637,35821,36581
2020-07-22,36068,36235,35547,35840
2020-07-21,35732,36568,35628,36061
2020-07-20,36014,36194,35619,35733
2020-07-17,35949,36030,35696,35889
2020-07-16,36187,36286,35534,35951
2020-07-15,36270,36362,35963,36188
2020-07-14,36633,36633,35939,36271
2020-07-13,36606,36870,36416,36630
2020-07-10,36647,36703,36200,36488
2020-07-09,37253,37397,36300,36651
2020-07-08,36729,37472,36627,37252
2020-07-07,36639,36999,36484,36730
2020-07-06,35901,36918,35885,36653
2020-07-03,36340,36340,36022,36060
2020-07-02,36747,36854,35598,36309
2020-07-01,36285,36998,35963,36756
2020-06-30,36496,36597,36030,36287
2020-06-29,36329,36606,35774,36506
2020-06-26,36947,36968,36024,36469
2020-06-25,36684,37068,35750,36946
2020-06-24,37962,37988,36399,36687
2020-06-23,38201,38255,37591,37960
2020-06-22,37165,38572,37115,38200
2020-06-19,37183,37454,36688,37137
2020-06-18,37351,37573,36848,37182
2020-06-17,37540,37831,36740,37348
2020-06-16,36790,37668,36565,37544
2020-06-15,36962,37204,35344,36828
2020-06-12,37009,37559,36625,37215
2020-06-11,38549,38984,35893,37010
2020-06-10,38517,39008,38008,38548
2020-06-09,38043,38638,37622,38515
2020-06-08,38154,38411,37858,38077
2020-06-05,38250,38669,37706,38210
2020-06-04,37651,38540,37572,38255
2020-06-03,37396,37964,36799,37653
2020-06-02,38177,40961,36729,37390
2020-06-01,37767,38310,37589,38178
2020-05-29,37977,38686,37359,37661
2020-05-28,36511,38271,36492,37978
2020-05-27,35785,37205,35592,36542
2020-05-26,36787,36921,35223,35790
2020-05-25,37536,37565,35776,36792
2020-05-22,37514,38399,36949,37972
2020-05-21,39442,39539,36353,37513
2020-05-20,40324,40890,38556,39463
2020-05-19,40486,41083,39647,40320
2020-05-18,41224,41933,39968,40517
2020-05-15,41291,41539,39134,39426
2020-05-14,39506,41996,39157,41211
2020-05-13,36808,39707,36808,39478
2020-05-12,36174,37690,35901,36878
2020-05-11,36664,38584,34840,36215
2020-05-08,41540,42254,40943,41823
2020-05-07,39168,41910,38208,41542
2020-05-06,37558,39425,37328,39172
2020-05-05,37349,38080,36754,37522
2020-05-04,36905,37379,35678,37351
2020-05-01,36373,37623,35727,36331
2020-04-30,37052,39620,34936,36367
2020-04-29,32526,37465,32442,37053
2020-04-28,32403,32643,32142,32526
2020-04-27,32001,32625,31835,32405
2020-04-24,32044,32049,31156,31607
2020-04-23,29846,32442,29577,32020
2020-04-22,28809,30181,28552,29845
2020-04-21,28570,29074,28371,28805
2020-04-20,29940,30067,28252,28578
2020-04-17,29561,30103,29151,29433
2020-04-16,28048,29752,27058,29561
2020-04-15,28252,28655,27865,28031
2020-04-14,28609,28865,28200,28232
2020-04-13,29677,29743,27556,28589
2020-04-09,30590,30862,29878,30446
2020-04-08,29844,30935,29683,30591
2020-04-07,30842,31457,29442,29869
2020-04-06,28726,30968,28715,30850
2020-04-03,28813,29910,28131,28796
2020-04-02,26804,30460,26785,28833
2020-04-01,26700,26927,25944,26804
2020-03-31,26941,27205,26355,26694
2020-03-30,24124,27069,23951,26920
2020-03-27,27569,28181,27003,27259
2020-03-26,28117,28512,27222,27568
2020-03-25,28895,29457,27369,28148
2020-03-24,27775,29034,27325,28898
2020-03-23,24960,28239,24147,27770
2020-03-20,26829,29085,24155,25232
2020-03-19,22069,27488,21834,26829
2020-03-18,22141,22452,20492,22031
2020-03-17,19666,22468,19586,22169
2020-03-16,20999,21333,17499,19657
2020-03-13,22747,23468,15562,21431
2020-03-12,30648,30705,21862,22662
2020-03-11,30356,30724,29156,30720
2020-03-10,29824,31042,29521,30353
2020-03-09,30987,31324,28919,29817
2020-03-06,34829,35123,34275,34739
2020-03-05,33821,35297,33775,34832
2020-03-04,33854,34183,33505,33788
2020-03-03,34605,34609,33391,33873
2020-03-02,33527,34812,33369,34636
2020-02-28,34561,35052,33246,33805
2020-02-27,34848,35291,33799,34562
2020-02-26,37183,37183,34267,34881
2020-02-25,38268,38401,36639,37142
2020-02-24,39369,39709,37598,38266
2020-02-21,38152,38713,37971,38438
2020-02-20,38283,38411,37570,38186
2020-02-19,40262,40715,37085,38240
2020-02-18,37876,40558,37872,40258
2020-02-17,38752,39189,37294,37866
2020-02-14,40013,40713,39519,40644
2020-02-13,40484,41118,39565,40018
2020-02-12,39855,40816,39806,40481
2020-02-11,38466,40470,37962,39851
2020-02-10,39467,39744,37986,38467
2020-02-07,37507,38424,37507,37985
2020-02-06,37150,38121,36831,37508
2020-02-05,35533,37613,35438,37149
2020-02-04,36037,36325,35163,35534
2020-02-03,36388,37164,35895,36041
2020-01-31,37202,37210,35865,36074
2020-01-30,36340,37217,35790,37196
2020-01-29,35425,36705,35321,36342
2020-01-28,34540,35655,34507,35453
2020-01-27,33062,34887,33038,34571
2020-01-24,32246,32866,31655,32751
2020-01-23,32989,33102,31792,32247
2020-01-22,33256,33572,32795,33019
2020-01-21,33056,33484,32421,33255
2020-01-20,32985,33392,32601,33132
2020-01-17,33089,34231,32967,33894
2020-01-16,33568,33602,32569,33123
2020-01-15,33106,33699,32527,33575
2020-01-14,30852,33438,30807,33199
2020-01-13,31063,31217,30638,30855
2020-01-10,29838,30955,29410,30728
2020-01-09,30757,30883,29619,29837
2020-01-08,30629,32177,30013,30752
2020-01-07,29161,31159,29161,30585
2020-01-06,27938,29280,27843,29186
2020-01-03,26437,28165,26086,27856
2020-01-02,27287,27305,26325,26444
2019-12-31,27598,27715,27040,27294
2019-12-30,28205,28271,27370,27604
2019-12-27,27642,27751,27118,27569
2019-12-26,27692,28496,27491,27671
2019-12-24,28119,28486,27610,27633
2019-12-23,28504,29621,28014,28123
2019-12-20,27470,27770,27192,27742
2019-12-19,28576,28580,27055,27469
2019-12-18,25212,28264,24814,28264
2019-12-17,26359,26486,25193,25211
2019-12-16,27344,27394,26182,26385
2019-12-13,27603,28014,27572,27907
2019-12-12,27720,28081,27311,27595
2019-12-11,28046,28148,27596,27716
2019-12-10,28470,28661,27806,28044
2019-12-09,29295,29631,28297,28469
2019-12-06,28592,29475,28222,28832
2019-12-05,27937,28852,27715,28592
2019-12-04,28338,29874,27487,27918
2019-12-03,28457,28717,28104,28347
2019-12-02,28974,29218,28143,28457
2019-11-29,29038,30755,28988,30382
2019-11-28,29555,30070,29015,29016
2019-11-27,27957,30014,26896,29554
2019-11-26,28193,28667,27520,27976
2019-11-25,27492,28769,25562,28213
2019-11-22,29676,30009,26477,28626
2019-11-21,31372,31522,28875,29677
2019-11-20,31500,31892,31230,31371
2019-11-19,31857,31859,31097,31499
2019-11-18,33084,33084,31330,31884
2019-11-15,33654,34065,32574,32778
2019-11-14,34125,34285,33465,33655
2019-11-13,34137,34356,33909,34102
2019-11-12,33745,34350,33300,34108
2019-11-11,35172,35226,33394,33748
2019-11-08,35596,35664,33565,34065
2019-11-07,36015,36119,35101,35590
2019-11-06,35959,36404,35728,36018
2019-11-05,36062,36409,35248,35924
2019-11-04,35100,36594,34758,36072
2019-11-01,34941,35458,34610,35125
2019-10-31,35252,35941,34244,34908
2019-10-30,36324,36358,34579,35219
2019-10-29,36464,36793,34995,36358
2019-10-28,36998,38326,35756,36429
2019-10-25,28731,33793,28588,33408
2019-10-24,28567,28949,28290,28730
2019-10-23,31134,31157,28197,28590
2019-10-22,31534,31937,31062,31139
2019-10-21,31559,31952,31325,31569
2019-10-18,31075,31298,30207,30563
2019-10-17,30895,31290,30780,31077
2019-10-16,31756,31845,30683,30898
2019-10-15,32433,32753,31637,31760
2019-10-14,32212,32717,32040,32439
2019-10-11,33549,34413,32328,32563
2019-10-10,33749,34012,33185,33548
2019-10-09,32225,34225,32076,33750
2019-10-08,32425,32902,32023,32221
2019-10-07,31199,32757,30611,32424
2019-10-04,32363,32749,31853,32293
2019-10-03,32912,33526,31938,32377
2019-10-02,33375,33598,32694,32911
2019-10-01,33145,34171,32931,33375
2019-09-30,32269,33486,31011,33173
2019-09-27,32496,32719,31564,32108
2019-09-26,34422,34641,31229,32500
2019-09-25,34445,34961,32883,34451
2019-09-24,38966,39047,32055,34475
2019-09-23,39953,39997,38706,38929
2019-09-20,40369,40561,39853,40359
2019-09-19,40129,40787,38204,40369
2019-09-18,40036,40289,39634,40143
2019-09-17,40584,40666,39957,40037
2019-09-16,40232,40756,39741,40583
2019-09-13,40826,41045,39865,39946
2019-09-12,40101,40834,39599,40829
2019-09-11,39604,40147,38726,40104
2019-09-10,40337,40753,39000,39601
2019-09-09,41016,41454,39674,40339
2019-09-06,41583,43008,40588,40877
2019-09-05,41990,42081,41172,41542
2019-09-04,42402,42583,40956,41993
2019-09-03,41319,42801,41108,42363
2019-09-02,38672,41592,38668,41274
2019-08-30,37753,38305,37203,38127
2019-08-29,38546,38649,37040,37746
2019-08-28,40004,40697,38011,38552
2019-08-27,40371,40839,39462,40006
2019-08-26,39246,41853,39106,40377
2019-08-23,39933,41097,39548,40995
2019-08-22,39363,40210,38326,39891
2019-08-21,42384,42607,38763,39447
2019-08-20,42215,43185,41597,42380
2019-08-19,40778,42708,40234,42267
2019-08-16,40722,41272,38455,40960
2019-08-15,39991,41028,37279,40730
2019-08-14,42161,42285,39517,40013
2019-08-13,44014,44201,41758,42160
2019-08-12,44426,44621,43598,44012
2019-08-09,45262,46655,45025,45639
2019-08-08,46077,46356,44440,45257
2019-08-07,43778,46692,43285,46079
2019-08-06,45223,47396,43629,43827
2019-08-05,42514,46051,42478,45226
2019-08-02,40497,41350,40164,40611
2019-08-01,38928,40751,38444,40484
2019-07-31,36933,39035,36896,38945
2019-07-30,36575,37505,36131,36897
2019-07-29,36252,37239,35021,36577
2019-07-26,37778,37963,36928,37891
2019-07-25,37308,38881,37196,37773
2019-07-24,38619,38723,36456,37341
2019-07-23,38937,39187,37548,38619
2019-07-22,40046,40400,38190,38896
2019-07-19,39960,40701,38540,39426
2019-07-18,37257,40546,35325,39961
2019-07-17,36610,37833,34514,37375
2019-07-16,40643,41818,35717,36608
2019-07-15,40387,41411,37519,40685
2019-07-12,42849,44661,42063,44061
2019-07-11,45283,46143,41718,42857
2019-07-10,47853,50123,43871,45287
2019-07-09,46862,48711,46118,47857
2019-07-08,43670,46801,42998,46799
2019-07-05,43661,44021,40652,42153
2019-07-04,42857,45309,42852,43560
2019-07-03,40201,43518,40112,42860
2019-07-02,39720,41081,36356,40195
2019-07-01,42096,42105,37580,39818
2019-06-28,40212,46029,40212,45980
2019-06-27,46712,49822,38623,40297
2019-06-26,43218,51781,43173,46472
2019-06-25,40814,43277,40813,43224
2019-06-24,40904,41441,39501,40865
2019-06-21,35859,37314,35728,37075
2019-06-20,35050,36180,34740,35867
2019-06-19,34302,35109,34085,35023
2019-06-18,35320,35928,34062,34272
2019-06-17,34334,35692,34071,35256
2019-06-14,31390,32101,30885,31948
2019-06-13,30710,31426,30432,31422
2019-06-12,29799,31038,29459,30733
2019-06-11,29943,30328,29126,29774
2019-06-10,28712,30403,28270,29942
2019-06-07,29324,30531,29228,29945
2019-06-06,29480,29964,28333,29348
2019-06-05,28394,30151,28391,29503
2019-06-04,32283,32284,28584,28628
2019-06-03,33402,33541,31852,32341
2019-05-31,31650,32435,31304,32316
2019-05-30,33414,35012,31013,31649
2019-05-29,33525,33847,32587,33413
2019-05-28,33795,33921,32901,33520
2019-05-27,33152,34223,33103,33793
2019-05-24,30403,31306,30027,30882
2019-05-23,29622,30472,29016,30377
2019-05-22,30835,31033,29509,29647
2019-05-21,30939,31273,30200,30836
2019-05-20,31180,31954,29224,30988
2019-05-17,30506,30580,25746,27629
2019-05-16,31196,32059,29593,30531
2019-05-15,29895,31655,29894,31224
2019-05-14,30977,31728,29286,29896
2019-05-13,27331,31090,26308,30952
2019-05-10,23592,24698,23503,24479
2019-05-09,22956,23684,22857,23580
2019-05-08,22979,23065,22180,22959
2019-05-07,22213,23251,22168,22978
2019-05-06,22395,22439,21768,22200
2019-05-03,21145,22721,21037,22123
2019-05-02,20679,21230,20626,21146
2019-05-01,20525,20765,20510,20686
2019-04-30,20106,20609,19991,20524
2019-04-29,20216,20383,19932,20112
2019-04-26,20814,20904,19408,19958
2019-04-25,20976,21300,20757,20861
2019-04-24,21307,21530,20706,20978
2019-04-23,20533,21479,20462,21310
2019-04-22,20101,20688,20045,20544
2019-04-18,19834,20276,19729,20207
2019-04-17,19762,19943,19621,19833
2019-04-16,19015,19812,19007,19752
2019-04-15,19373,19668,18770,19015
2019-04-12,19137,19368,18727,19195
2019-04-11,20108,20279,18946,19138
2019-04-10,19895,20748,19686,20107
2019-04-09,20142,20241,19626,19894
2019-04-08,19802,20428,19621,20131
2019-04-05,18903,19411,18693,19236
2019-04-04,19792,20077,18342,18893
2019-04-03,18428,20352,18426,19916
2019-04-02,15924,19412,15923,18432
2019-04-01,15769,15981,15639,15926
2019-03-29,15439,15828,15428,15740
2019-03-28,15406,15492,15333,15440
2019-03-27,14977,15458,14968,15405
2019-03-26,14884,15017,14846,14972
2019-03-25,15187,15229,14757,14885
2019-03-22,15075,15312,14984,15218
2019-03-21,15221,15349,14899,15067
2019-03-20,15209,15293,15107,15222
2019-03-19,15180,15277,15068,15216
2019-03-18,15203,15376,15037,15179
2019-03-15,14785,14968,14756,14934
2019-03-14,14722,14943,14561,14786
2019-03-13,14842,14877,14692,14721
2019-03-12,14837,14922,14635,14841
2019-03-11,15068,15108,14740,14837
2019-03-08,15022,15168,14949,15065
2019-03-07,14773,15087,14706,15021
2019-03-06,14720,14865,14631,14772
2019-03-05,14117,14839,14090,14728
2019-03-04,14445,14536,14045,14122
2019-03-01,14497,14691,14472,14636
2019-02-28,14433,14831,14429,14496
2019-02-27,14541,14631,14059,14418
2019-02-26,14718,14759,14510,14540
2019-02-25,14506,14874,14401,14717
2019-02-22,15000,15280,14977,15198
2019-02-21,15124,15413,14923,15000
2019-02-20,15054,15290,14891,15123
2019-02-19,14919,15370,14869,15053
2019-02-18,13976,15078,13951,14914
2019-02-15,13778,13996,13755,13805
2019-02-14,13877,13935,13762,13779
2019-02-13,13815,13979,13752,13879
2019-02-12,13910,13951,13733,13816
2019-02-11,13914,14032,13769,13902
2019-02-08,12870,14234,12819,13937
2019-02-07,12832,12930,12818,12863
2019-02-06,12970,13020,12720,12827
2019-02-05,12876,12987,12830,12969
2019-02-04,12833,12956,12799,12877
2019-02-01,12847,13054,12699,13022
2019-01-31,12953,13054,12740,12849
2019-01-30,12859,13090,12768,12955
2019-01-29,12975,13013,12657,12863
2019-01-28,13379,13380,12774,12975
2019-01-25,13622,13667,13377,13427
2019-01-24,13469,13748,13370,13622
2019-01-23,13583,13698,13367,13464
2019-01-22,13368,13664,12999,13582
2019-01-21,13432,13478,13262,13364
2019-01-18,13759,13829,13581,13681
2019-01-17,13597,13796,13471,13765
2019-01-16,13553,13886,13529,13599
2019-01-15,13799,13878,13476,13552
2019-01-14,13224,13965,13202,13802
2019-01-11,13654,13825,13502,13784
2019-01-10,15009,15135,13474,13656
2019-01-09,15168,15318,14902,15010
2019-01-08,15093,15557,15023,15169
2019-01-07,15294,15458,14989,15101
2019-01-04,14470,14591,14236,14390
2019-01-03,14974,15032,14345,14469
2019-01-02,14093,15001,14085,14960
2018-12-31,14538,14622,13845,13949
2018-12-28,13651,15035,13556,14856
2018-12-27,14526,14604,13565,13653
2018-12-26,14320,14657,14027,14520
2018-12-24,15085,16128,14995,15351
2018-12-21,15395,15681,14424,14492
2018-12-20,14136,15792,13965,15364
2018-12-19,13551,14868,13537,14142
2018-12-18,13284,13595,13098,13566
2018-12-17,12269,13634,12215,13262
2018-12-14,12459,12574,12116,12131
2018-12-13,13003,13104,12336,12461
2018-12-12,12888,13298,12737,13003
2018-12-11,13086,13103,12648,12893
2018-12-10,13375,13627,12847,13090
2018-12-07,13593,13744,12195,12655
2018-12-06,14093,14608,13494,13594
2018-12-05,14802,14888,13968,14081
2018-12-04,14567,15281,14194,14811
2018-12-03,15656,15738,14225,14563
2018-11-30,15972,16220,14692,15068
2018-11-29,15882,16706,15506,15965
2018-11-28,14532,16468,14396,15875
2018-11-27,13948,14648,13673,14531
2018-11-26,15064,15474,13514,13955
2018-11-23,16710,16710,15551,16090
2018-11-22,17016,17443,16572,16725
2018-11-21,16299,17641,16103,17019
2018-11-20,18295,18638,15646,16344
2018-11-19,21053,21122,17892,18304
2018-11-16,20961,21350,20811,20937
2018-11-15,21208,21682,19983,20967
2018-11-14,24047,24123,20485,21249
2018-11-13,24360,24386,24041,24047
2018-11-12,24015,24386,23997,24363
2018-11-09,24215,24344,23938,24062
2018-11-08,24458,24495,24049,24206
2018-11-07,24334,24725,24278,24455
2018-11-06,24224,24458,24152,24320
2018-11-05,24303,24420,24080,24207
2018-11-02,24089,24264,23969,24093
2018-11-01,24270,24285,23920,24088
2018-10-31,23983,24353,23805,24270
2018-10-30,23921,24044,23849,23998
2018-10-29,24251,24364,23687,23919
2018-10-26,24390,24589,24277,24312
2018-10-25,24460,24477,24237,24391
2018-10-24,24101,24510,24080,24464
2018-10-23,24134,24230,23980,24097
2018-10-22,24186,24192,23991,24137
2018-10-19,24177,24301,23940,23982
2018-10-18,24306,24454,24144,24168
2018-10-17,24154,24314,24072,24307
2018-10-16,23923,24454,23918,24156
2018-10-15,23203,25795,23015,23941
2018-10-12,23138,23285,22821,23198
2018-10-11,24515,24579,22917,23151
2018-10-10,24691,24762,24188,24505
2018-10-09,24896,24963,24657,24688
2018-10-08,24477,25059,24450,24911
2018-10-05,24546,24654,24411,24492
2018-10-04,24143,24727,24024,24546
2018-10-03,24303,24347,23758,24145
2018-10-02,24352,24526,24059,24305
2018-10-01,24215,24513,23969,24354
2018-09-28,24639,24940,24093,24609
2018-09-27,23548,24662,23393,24624
2018-09-26,23293,23833,23240,23574
2018-09-25,24201,24201,23103,23295
2018-09-24,24523,24662,24034,24200
2018-09-21,23700,24840,23574,24755
2018-09-20,23431,23671,23143,23671
2018-09-19,23226,23852,22475,23429
2018-09-18,22985,23452,22905,23226
2018-09-17,24065,24179,22852,22987
2018-09-14,23794,24228,23607,24205
2018-09-13,23330,24052,23328,23793
2018-09-12,23394,23468,23008,23335
2018-09-11,23402,23722,23045,23410
2018-09-10,23770,23775,23194,23403
2018-09-07,23938,24298,23438,23955
2018-09-06,25785,25786,23318,23940
2018-09-05,27365,27604,25579,25786
2018-09-04,27007,27591,26764,27366
2018-09-03,27012,27140,26686,27012
2018-08-31,25568,26258,25398,26102
2018-08-30,25844,25861,25065,25569
2018-08-29,25797,26129,25380,25863
2018-08-28,24615,26019,24597,25812
2018-08-27,24574,24774,24457,24617
2018-08-24,24053,24463,23867,24356
2018-08-23,23448,24083,23037,24070
2018-08-22,23934,25417,23221,23454
2018-08-21,24051,24223,23391,23952
2018-08-20,24419,24557,24085,24086
2018-08-17,23759,24784,23702,24405
2018-08-16,24436,24558,23613,23758
2018-08-15,23193,25263,23061,24446
2018-08-14,23532,23701,22241,23208
2018-08-13,24064,24757,23358,23539
2018-08-10,24442,24537,23600,24096
2018-08-09,23143,24575,22863,24443
2018-08-08,24786,24922,22482,23111
2018-08-07,25294,26217,24530,24738
2018-08-06,25933,26330,25294,25299
2018-08-03,27780,27904,26882,27159
2018-08-02,27347,28257,27217,27779
2018-08-01,28206,28419,27323,27346
2018-07-31,29634,29893,28055,28210
2018-07-30,30092,30402,28656,29643
2018-07-27,29331,30401,28689,30220
2018-07-26,30396,30543,29163,29283
2018-07-25,30403,31240,29668,30371
2018-07-24,28684,30778,28474,30396
2018-07-23,27212,28834,27093,28689
2018-07-20,27703,28317,26813,27037
2018-07-19,27128,28042,26952,27704
2018-07-18,27116,28022,26813,27139
2018-07-17,24471,27441,24437,27119
2018-07-16,23561,24597,23375,24471
2018-07-13,22839,23381,22546,22803
2018-07-12,23681,23727,22745,22836
2018-07-11,23425,23707,23150,23660
2018-07-10,24660,24938,23345,23429
2018-07-09,25045,25046,24503,24650
2018-07-06,24174,24689,23978,24353
2018-07-05,25139,25155,24061,24172
2018-07-04,24913,25520,24184,25143
2018-07-03,25118,25241,24684,24909
2018-07-02,23831,25320,23570,25120
2018-06-29,22331,22467,21706,22033
2018-06-28,23042,23247,22309,22333
2018-06-27,23157,23159,22454,23041
2018-06-26,23245,23280,22840,23173
2018-06-25,22810,23479,22583,23243
2018-06-22,25027,25149,22544,22977
2018-06-21,25055,25452,24915,25005
2018-06-20,25008,25372,24433,25060
2018-06-19,24872,25455,24702,25008
2018-06-18,23989,25160,23632,24873
2018-06-15,24611,24674,23920,24180
2018-06-14,22770,24748,22741,24615
2018-06-13,23830,24104,22236,22772
2018-06-12,24517,24977,23509,23861
2018-06-11,24512,24696,24059,24516
2018-06-08,27749,27902,27465,27775
2018-06-07,27764,28052,27628,27765
2018-06-06,27728,27914,27142,27765
2018-06-05,27517,27919,26965,27709
2018-06-04,28389,28555,27281,27521
2018-06-01,27860,28042,27170,27448
2018-05-31,27068,28062,27068,27868
2018-05-30,28144,28394,26906,27070
2018-05-29,26491,28260,26107,28115
2018-05-28,27049,27297,26342,26494
2018-05-25,27687,28194,26993,27474
2018-05-24,28091,28398,26608,27679
2018-05-23,29355,29443,27454,28087
2018-05-22,30489,30620,29285,29354
2018-05-21,31132,31445,30368,30486
2018-05-18,29685,30206,28856,30087
2018-05-17,29971,30542,29608,29686
2018-05-16,30797,31013,29476,29964
2018-05-15,31287,31827,30614,30823
2018-05-14,30904,31806,29595,31258
2018-05-11,32480,32486,30299,30726
2018-05-10,33248,33662,32272,32442
2018-05-09,33141,33674,32419,33246
2018-05-08,33554,33786,32632,33139
2018-05-07,33808,34198,32715,33561
2018-05-04,34378,34898,33959,34275
2018-05-03,32986,34614,32630,34388
2018-05-02,32348,33071,32028,32981
2018-05-01,32332,32584,31173,32355
2018-04-30,32304,32772,31737,32345
2018-04-27,31788,32756,31551,31553
2018-04-26,31862,32020,30070,31756
2018-04-25,32571,33552,30387,31856
2018-04-24,30752,32626,30682,32566
2018-04-23,30283,30758,29790,30754
2018-04-20,27915,28996,27750,28940
2018-04-19,27554,27982,27270,27912
2018-04-18,26613,27624,26474,27555
2018-04-17,26842,27411,26365,26615
2018-04-16,28048,28410,26550,26820
2018-04-13,26543,27828,26296,27351
2018-04-12,23352,27307,22902,26526
2018-04-11,23239,23565,23008,23348
2018-04-10,22855,23271,22691,23242
2018-04-09,23925,24501,22526,22856
2018-04-06,23034,23478,22364,22631
2018-04-05,23332,23739,22521,23048
2018-04-04,25412,25433,23016,23362
2018-04-03,23882,25689,23880,25396
2018-04-02,23332,24284,23121,23897
2018-03-30,24175,25058,22551,23316
2018-03-29,26893,27325,23656,24124
2018-03-28,27163,27498,26277,26892
2018-03-27,26749,27972,26279,27169
2018-03-26,29517,29576,26654,26749
2018-03-23,29799,30043,28415,29505
2018-03-22,30264,31062,29111,29798
2018-03-21,30926,31576,30219,30318
2018-03-20,29116,31215,28484,30925
2018-03-19,27968,29808,27898,29092
2018-03-16,28504,29525,27152,29259
2018-03-15,27770,28746,26062,28503
2018-03-14,31116,31651,27021,27746
2018-03-13,30819,32322,30154,31118
2018-03-12,32407,33682,29916,30848
2018-03-09,31643,32146,28558,30637
2018-03-08,33706,34282,30973,31671
2018-03-07,36280,36758,32110,33665
2018-03-06,39259,39348,35699,36283
2018-03-05,38654,39624,38654,39261
2018-03-02,37424,38095,36736,37562
2018-03-01,35672,37809,35018,37415
2018-02-28,36596,37738,35492,35714
2018-02-27,35048,36842,34267,36632
2018-02-26,32837,35325,31729,35045
2018-02-23,33771,35264,32569,33886
2018-02-22,35503,37132,32939,33768
2018-02-21,38223,38367,34795,35511
2018-02-20,36908,39582,36852,38442
2018-02-19,35434,37577,34508,36950
2018-02-16,33543,34203,32367,33552
2018-02-15,31505,34003,31208,33467
2018-02-14,28859,31538,28607,31470
2018-02-13,30142,30433,28372,28811
2018-02-12,28389,30199,27444,30119
2018-02-09,28124,29944,26527,29275
2018-02-08,26727,29417,25652,28147
2018-02-07,25670,28930,24187,26777
2018-02-06,22886,26704,19947,25664
2018-02-05,28194,28220,22055,23002
2018-02-02,29815,30452,25585,28695
2018-02-01,33690,34115,28420,29872
2018-01-31,34104,34422,32222,33725
2018-01-30,37033,37536,32910,34169
2018-01-29,38953,39135,36818,36997
2018-01-26,37361,38739,34359,36529
2018-01-25,37155,39101,36090,37373
2018-01-24,37441,38452,35490,37156
2018-01-23,36273,38593,33975,37444
2018-01-22,38154,40420,34160,36231
2018-01-19,38363,40738,37314,38896
2018-01-18,38039,40923,36385,38363
2018-01-17,37854,39976,31366,37961
2018-01-16,46907,46978,34221,37643
2018-01-15,46417,48603,45852,46980
2018-01-12,45383,48489,44524,47578
2018-01-11,50638,52197,44910,45307
2018-01-10,50684,51244,47113,50491
2018-01-09,51199,53546,49659,50605
2018-01-08,56666,56666,48663,51182
2018-01-05,51670,57112,50843,57107
2018-01-04,51320,53152,49104,51662
2018-01-03,51208,53198,50572,51391
2018-01-02,46919,52597,45007,51285
2017-12-29,49228,52727,48721,50005
2017-12-28,53833,54494,47121,49232
2017-12-27,55661,58191,51177,53756
2017-12-26,48814,56905,48814,55646
2017-12-22,55173,56047,38320,50713
2017-12-21,57677,61239,53317,55170
2017-12-20,61171,63286,55281,57680
2017-12-19,66964,67873,59713,61274
2017-12-18,69505,69788,64785,66990
2017-12-15,59219,63874,58999,63323
2017-12-14,58851,60819,57501,59238
2017-12-13,62374,62374,56622,58948
2017-12-12,60349,63248,57976,62254
2017-12-11,52041,62003,52036,60354
2017-12-08,59382,61383,50042,54239
2017-12-07,49295,59451,47612,59385
2017-12-06,41767,49233,41513,49233
2017-12-05,40704,42131,40653,41766
2017-12-04,39305,41014,38548,40664
2017-12-01,34679,38388,33247,38220
2017-11-30,35425,37851,31939,34654
2017-11-29,35233,40366,32932,35320
2017-11-28,34178,35383,34113,35268
2017-11-27,32966,34291,32771,34176
2017-11-24,28875,29594,28042,29057
2017-11-23,29459,29515,28787,28873
2017-11-22,28702,29763,28696,29462
2017-11-21,29762,30062,28173,28697
2017-11-20,28886,29817,28635,29761
2017-11-17,28061,28748,27101,27635
2017-11-16,26133,28747,25633,28017
2017-11-15,23675,26411,23555,26140
2017-11-14,23413,24429,23272,23678
2017-11-13,20576,24562,20371,23414
2017-11-10,25863,26621,23273,23334
2017-11-09,27050,27376,25668,25840
2017-11-08,25905,28791,25898,27032
2017-11-07,25493,26505,25316,25903
2017-11-06,26856,27173,25362,25511
2017-11-03,25507,27131,25236,26461
2017-11-02,24293,26722,24197,25508
2017-11-01,23237,24317,23169,24278
2017-10-31,22273,23398,22185,23235
2017-10-30,22614,22725,22029,22259
2017-10-27,21276,21927,20837,21018
2017-10-26,20376,21733,20256,21262
2017-10-25,19723,20494,19408,20385
2017-10-24,21187,21288,19742,19742
2017-10-23,21234,21793,20323,21198
2017-10-20,20440,21775,20133,21775
2017-10-19,19755,20526,19754,20430
2017-10-18,20082,20164,18363,19754
2017-10-17,20484,20792,19858,20083
2017-10-16,20024,20667,20022,20482
2017-10-13,19098,21089,19085,19806
2017-10-12,17306,19411,17286,19074
2017-10-11,17567,17588,17168,17316
2017-10-10,17597,17856,17364,17569
2017-10-09,16839,17838,16738,17593
2017-10-06,15910,16257,15829,15960
2017-10-05,15421,16015,15152,15913
2017-10-04,15751,15940,15303,15410
2017-10-03,16117,16316,15554,15759
2017-10-02,15856,16420,15856,16118
2017-09-29,15338,15449,14757,15204
2017-09-28,15447,15747,15132,15324
2017-09-27,14248,15446,14146,15445
2017-09-26,14286,14415,13957,14259
2017-09-25,13130,14363,13104,14262
2017-09-22,13074,13394,12539,12813
2017-09-21,14140,14213,12839,13078
2017-09-20,13938,14352,13644,14148
2017-09-19,14514,14646,13778,13926
2017-09-18,13300,14582,13154,14511
2017-09-15,11854,13413,10546,13032
2017-09-14,14107,14270,11766,11879
2017-09-13,14880,14883,13548,14110
2017-09-12,14868,15553,14472,14881
2017-09-11,14857,15304,14498,14871
2017-09-08,16381,16571,14869,14869
2017-09-07,16430,16619,16006,16382
2017-09-06,15700,16639,15683,16434
2017-09-05,15709,15914,14392,15695
2017-09-04,16597,16654,14849,15744
2017-09-01,16988,17544,16872,17542
2017-08-31,16573,17201,16535,16984
2017-08-30,16595,16719,16225,16570
2017-08-29,15731,16700,15568,16604
2017-08-28,15635,15738,15116,15717
2017-08-25,15477,16091,15450,15643
2017-08-24,15052,15529,15015,15485
2017-08-23,15078,15627,14880,15040
2017-08-22,14808,15255,13359,15083
2017-08-21,15196,15251,14614,14813
2017-08-18,15852,16053,14850,15153
2017-08-17,15855,16479,15403,15850
2017-08-16,15282,16092,14554,15876
2017-08-15,15837,16298,14263,15258
2017-08-14,15083,15844,14610,15836
2017-08-11,12590,13049,12470,12947
2017-08-10,12292,12664,12118,12588
2017-08-09,12560,12656,11918,12287
2017-08-08,12260,12696,12215,12554
2017-08-07,11872,12453,11598,12257
2017-08-04,10032,10459,9984.7,10287
2017-08-03,9680.67,10081,9654.06,10031
2017-08-02,9817.8,9948.98,9626.92,9672.91
2017-08-01,10315,10527,9611.67,9814.93
2017-07-31,9920.51,10432,9818.87,10327
2017-07-28,9735.69,10282,9703.33,10030
2017-07-27,8978.39,9756.18,8969.25,9728.41
2017-07-26,9486.67,9645.21,8898.1,8981.5
2017-07-25,10150,10257,9097.79,9496.39
2017-07-24,10184,10258,9910.55,10152
2017-07-21,10000,10680,9654.24,9692.98
2017-07-20,8371.13,10084,8321.89,9993.54
2017-07-19,8636.91,8811.83,8247.43,8388.45
2017-07-18,7974.84,8751.88,7927.95,8637.01
2017-07-17,7059.8,8052.56,7021.41,7985.17
2017-07-14,8741.57,8804.66,8070.34,8138.35
2017-07-13,8926.58,9058.64,8656.92,8732.74
2017-07-12,8727.81,9021.04,8389.68,8927.4
2017-07-11,8838.52,9037.71,8534.92,8718.23
2017-07-10,9499.39,9500.59,8805.16,8824.14
2017-07-07,9715.67,9748.42,9336.69,9450.48
2017-07-06,9814.06,9868.34,9646.88,9710.67
2017-07-05,9732.46,9863.56,9552.62,9813.11
2017-07-04,9727.38,9942.59,9642.35,9730.59
2017-07-03,9384.45,9760.27,9288.83,9728.45
2017-06-30,9580.88,9587.51,9336.28,9433.3
2017-06-29,9724.11,9731.54,9424.45,9578.92
2017-06-28,9262.75,9739.6,9259.57,9731.86
2017-06-27,9316.56,9504.17,8725.65,9263.95
2017-06-26,9709.05,9936.55,8995.41,9319.84
2017-06-23,10390,10557,10305,10433
2017-06-22,10279,10511,10072,10384
2017-06-21,10692,10793,10240,10288
2017-06-20,9934.5,10760,9928.38,10691
2017-06-19,9596.22,9965.61,9531.44,9920.14
2017-06-16,9236.84,9602.43,8975.27,9602.04
2017-06-15,9349.43,9551.97,8300.61,9230.45
2017-06-14,10217,10578,9276.97,9322.87
2017-06-13,10104,10482,9858.54,10224
2017-06-12,11179,11363,9490.3,10083
2017-06-09,10496,10753,10448,10666
2017-06-08,10046,10527,9818.58,10493
2017-06-07,10816,10880,10056,10093
2017-06-06,9982.46,11060,9980.02,10809
2017-06-05,9399.62,10096,9367.86,9982.67
2017-06-02,9113.85,9276.42,8979.51,9050.04
2017-06-01,8573.97,9290.49,8559.64,9116.31
2017-05-31,8304.72,8748.71,8042.2,8581.77
2017-05-30,8721.48,8762.33,8280.5,8299.69
2017-05-29,8186.58,8760.53,7997.33,8712.49
2017-05-26,9653.97,9835.01,7742.81,8512.5
2017-05-25,9310.28,10381,8761.29,9627.74
2017-05-24,8553.38,9442.48,8536.82,9316.82
2017-05-23,8123.08,8600.98,7701.81,8547.39
2017-05-22,7624.26,8552.91,7620.55,8122.01
2017-05-19,7135.53,7372.51,7131.29,7230.52
2017-05-18,6687.22,7143.49,6680.08,7135.47
2017-05-17,6454.39,6840.91,6347.19,6683.02
2017-05-16,6503.91,6566.17,6320.59,6455.48
2017-05-15,6808.84,6835.7,6322.19,6494.48
2017-05-12,7019.34,7038.22,6346.18,6424.28
2017-05-11,6753.49,7133.54,6703.45,7018.22
2017-05-10,6612.69,6846.28,6563.73,6754.44
2017-05-09,6245.16,6831.39,6232.26,6609.21
2017-05-08,5902.93,6283.28,5902.93,6246.21
2017-05-05,5794.52,6128.94,5709.65,5752.52
2017-05-04,5706.97,6142.75,5556.85,5796.6
2017-05-03,5478.5,5774.62,5472.85,5708.31
2017-05-02,5503.62,5657.43,5406.85,5481.56
2017-04-28,5165.74,5220.48,4948.36,5023.57
2017-04-27,4996.39,5185.45,4968.62,5161.92
2017-04-26,4877.54,5081.11,4873.96,4996.71
2017-04-25,4878.7,4912.21,4853.79,4878.17
2017-04-24,4851.24,4899.17,4829.86,4879.4
2017-04-21,4971.8,5094.95,4969.11,4989.21
2017-04-20,4854.38,5021.93,4846.09,4971.79
2017-04-19,4794.21,4868.75,4773.58,4856.08
2017-04-18,4788.3,4856.65,4782.81,4795.33
2017-04-17,4739.87,4818.01,4714.69,4786.41
2017-04-14,4714.86,4784.93,4669.75,4738.77
2017-04-13,4847.89,4867,4616.12,4713.92
2017-04-12,4925.35,4927,4832.91,4845.38
2017-04-11,4816.64,4931.12,4811.96,4922.14
2017-04-10,4831.88,4879.06,4802.66,4816.34
2017-04-07,4766.29,4784.62,4676.74,4781.5
2017-04-06,4469.81,4784.3,4449.28,4765.39
2017-04-05,4534.64,4557.98,4427.98,4469.08
2017-04-04,4578.92,4644.54,4488.1,4535.87
2017-04-03,4371.49,4585.66,4353.34,4579.2
2017-03-31,4083.26,4311.27,4057.17,4270.46
2017-03-30,4099.53,4132.9,4018.96,4082.05
2017-03-29,4060.83,4156.13,3959.65,4098.84
2017-03-28,4046.47,4167.11,3989.12,4060.43
2017-03-27,3741.9,4039.57,3733.55,4039.51
2017-03-24,4052.24,4087.13,3795.52,3795.52
2017-03-23,4065.88,4172.42,4034.06,4056.35
2017-03-22,4412.34,4414.16,3918.84,4055.44
2017-03-21,4141.64,4427.15,4112.99,4412.06
2017-03-20,4138.68,4190.12,4033.42,4142.07
2017-03-17,4698.61,4744.78,4371.03,4429.36
2017-03-16,5060.54,5067.17,4530.41,4696.41
2017-03-15,5071.46,5121.75,5019.61,5059.96
2017-03-14,5054.96,5114.15,4997,5071.46
